USE SWP391_SE1812_Group5_Project
GO

USE [master]
GO

/*******************************************************************************
   Drop database if it exists
********************************************************************************/
IF EXISTS (SELECT name FROM master.dbo.sysdatabases WHERE name = N'SWP391_SE1812_Group5_Project')
BEGIN
	ALTER DATABASE SWP391_SE1812_Group5_Project SET OFFLINE WITH ROLLBACK IMMEDIATE;
	ALTER DATABASE SWP391_SE1812_Group5_Project SET ONLINE;
	DROP DATABASE SWP391_SE1812_Group5_Project;
END

GO
CREATE DATABASE SWP391_SE1812_Group5_Project
GO


USE SWP391_SE1812_Group5_Project
GO

/*******************************************************************************
	Drop tables if exists
*******************************************************************************/
DECLARE @sql nvarchar(MAX) 
SET @sql = N'' 

SELECT @sql = @sql + N'ALTER TABLE ' + QUOTENAME(KCU1.TABLE_SCHEMA) 
    + N'.' + QUOTENAME(KCU1.TABLE_NAME) 
    + N' DROP CONSTRAINT ' -- + QUOTENAME(rc.CONSTRAINT_SCHEMA)  + N'.'  -- not in MS-SQL
    + QUOTENAME(rc.CONSTRAINT_NAME) + N'; ' + CHAR(13) + CHAR(10) 
FROM INFORMATION_SCHEMA.REFERENTIAL_CONSTRAINTS AS RC 

INNER JOIN INFORMATION_SCHEMA.KEY_COLUMN_USAGE AS KCU1 
    ON KCU1.CONSTRAINT_CATALOG = RC.CONSTRAINT_CATALOG  
    AND KCU1.CONSTRAINT_SCHEMA = RC.CONSTRAINT_SCHEMA 
    AND KCU1.CONSTRAINT_NAME = RC.CONSTRAINT_NAME 

EXECUTE(@sql) 

GO
DECLARE @sql2 NVARCHAR(max)=''

SELECT @sql2 += ' Drop table ' + QUOTENAME(TABLE_SCHEMA) + '.'+ QUOTENAME(TABLE_NAME) + '; '
FROM   INFORMATION_SCHEMA.TABLES
WHERE  TABLE_TYPE = 'BASE TABLE'

Exec Sp_executesql @sql2
create table customer(
	id int identity(1,1) NOT NULL primary key,
	username varchar(50),
	password varchar(50),
	email varchar(100) NOT NULL,
	phone varchar(20) NOT NULL,
	address nvarchar(100) NOT NULL,
	firstname nvarchar(50) NOT NULL,
	lastname nvarchar(50) NOT NULL,
	img varchar(100) default 'profile.jpg' NOT NULL,
	reg_date date NOT NULL
)
create table employee(
	id int identity(1,1) NOT NULL primary key,
	username varchar(50) NOT NULL,
	password varchar(50) NOT NULL,
	email varchar(100) NOT NULL,
	phone varchar(20) NOT NULL,
	address nvarchar(100) NOT NULL,
	firstname nvarchar(50) NOT NULL,
	lastname nvarchar(50) NOT NULL,
	img varchar(100) default 'profile.jpg' NOT NULL,
	role_id int NOT NULL,
	reg_date date NOT NULL
)
create table category(
	id int identity(1,1) NOT NULL primary key,
	name nvarchar(255) NOT NULL,
	created_by int NOT NULL references employee(id),
	created_on date NOT NULL,
	modified_by int references employee(id),
	modified_on date,
	[status] tinyint DEFAULT 1 NOT NULL
)
create table brand(
	id int identity(1,1) NOT NULL primary key,
	name nvarchar(255) NOT NULL,
	logo varchar(100) NOT NULL,
	link varchar(100) NOT NULL,
	created_by int NOT NULL references employee(id),
	created_on date NOT NULL,
	modified_by int references employee(id),
	modified_on date,
	[status] tinyint DEFAULT 1 NOT NULL
)
create table product(
	id int identity(1,1) NOT NULL primary key,
	name nvarchar(255) NOT NULL,
	CPU varchar(100) NOT NULL,
	GPU varchar(100) NOT NULL,
	RAM varchar(100) NOT NULL,
	ROM varchar(100) NOT NULL,
	monitor varchar(100) NOT NULL,
	OS varchar(100) NOT NULL,
	price int NOT NULL,
	[description] ntext NOT NULL,
	brand_id int NOT NULL references brand(id),
	quantity int NOT NULL,
	representImage varchar(100) NOT NULL,
	category_id int NOT NULL references category(id),
	created_by int NOT NULL references employee(id),
	created_on date NOT NULL,
	modified_by int references employee(id),
	modified_on date,
	[status] tinyint DEFAULT 1 NOT NULL
)
create table product_image(
	id int identity(1,1) NOT NULL primary key,
	product_id int NOT NULL references product(id),
	img varchar(100) NOT NULL
)
create table discount(
	id int identity(1,1) NOT NULL primary key,
	product_id int NOT NULL references product(id),
	quantity int NOT NULL,
	value tinyint NOT NULL,
	start_date date NOT NULL,
	exp_date date NOT NULL,
	created_by int NOT NULL references employee(id),
	[status] tinyint DEFAULT 1 NOT NULL
)
create table serial_number(
	id int identity(1,1) NOT NULL primary key,
	sn varchar(100) NOT NULL,
	product_id int NOT NULL references product(id),
	sn_status tinyint NOT NULL
)
create table [order](
	id int identity(1,1) NOT NULL primary key,
	customer_id int NOT NULL references customer(id),
	note nvarchar(255),
	[address] nvarchar(255) NOT NULL,
	phone varchar(20),
	order_date date NOT NULL,
	paid_date date,
	order_status tinyint NOT NULL,
	verified_by int references employee(id),
	verified_on date
)
create table order_detail(
	id int identity(1,1) NOT NULL primary key,
	serial_number_id INT NOT NULL REFERENCES serial_number(id),	
	order_id int NOT NULL references [order](id),
	product_id int NOT NULL references [product](id),
	price int NOT NULL
)
create table rate(
	id int identity(1,1) NOT NULL primary key,
	order_detail_id int references order_detail(id),
	star_rate tinyint NOT NULL,
	feedback nvarchar(255) NOT NULL,
	[status] tinyint DEFAULT 1 NOT NULL
)
create table warranty_record(
	id int identity(1,1) NOT NULL primary key,
	order_detail_id int NOT NULL references order_detail(id),
	warranty_date date NOT NULL,
	reason nvarchar(255) NOT NULL,
	img varchar(255),
	warranty_status tinyint NOT NULL,
	response nvarchar(255),
	verified_by int references employee(id),
	verified_on date
)
create table news_category(
	id int identity(1,1) NOT NULL primary key,
	[name] varchar(100) NOT NULL,
	[status] tinyint DEFAULT 1 NOT NULL
)
create table news(
	id int identity(1,1) NOT NULL,
	title nvarchar(100) NOT NULL,
	short_description nvarchar(255) NOT NULL,
	create_date date NOT NULL,
	news_detail NVARCHAR(MAX) NOT NULL,
	author int NOT NULL references employee(id),
	news_category_id int NOT NULL references news_category(id),
	[status] tinyint DEFAULT 1 NOT NULL
);

insert into customer (username, password, email, phone, address, firstname, lastname, reg_date) values
('user1', '202cb962ac59075b964b07152d234b70', 'user1@example.com', '123456789', '123 ABC, City, Country', 'John', 'Cena', '2024-01-15'),
('user2', '202cb962ac59075b964b07152d234b70', 'user2@example.com', '987654321', '456 XYZ, Town, Country', 'Jack', 'Ma', '2024-02-20'),
('user3', '202cb962ac59075b964b07152d234b70', 'user3@example.com', '555666777', '789 ABC, Village, Country', 'Bill', 'Gate', '2024-03-25'),
('user4', '202cb962ac59075b964b07152d234b70', 'user4@example.com', '333222111', '987 XYZ, Suburb, Country', 'Tony', 'Stark', '2024-04-30'),
('user5', '202cb962ac59075b964b07152d234b70', 'user5@example.com', '444777888', '654 ABC, Hamlet, Country', 'Ronaldo', 'Messi', '2024-05-05')
insert into employee(username, password, email, phone, address, firstname, lastname, reg_date, role_id) values
('vinh', '202cb962ac59075b964b07152d234b70', 'staff1@example.com', '123456789', '123 ABC, City, Country', 'Vu', 'Vinh', '2024-01-15', 1),
('hieu', '202cb962ac59075b964b07152d234b70', 'staff2@example.com', '987654321', '456 XYZ, Town, Country', 'Hieu', 'San', '2024-02-20', 2),
('hoang', '202cb962ac59075b964b07152d234b70', 'staff3@example.com', '555666777', '789 ABC, Village, Country', 'Hoang', 'To', '2024-03-25', 3),
('minh', '202cb962ac59075b964b07152d234b70', 'staff4@example.com', '333222111', '987 XYZ, Suburb, Country', 'Minh', 'Mai', '2024-04-30', 2),
('linh', '202cb962ac59075b964b07152d234b70', 'staff5@example.com', '444777888', '654 ABC, Hamlet, Country', 'Linh', '...', '2024-05-05', 3)


insert into category(name,created_by,created_on) values
('Gaming Laptop',2,'2024-05-16'),
('Office Laptop',2,'2024-05-16'),
('Business Laptop',2,'2024-05-16'),
('Study Laptop',2,'2024-05-16'),
('Multimedia Laptop',2,'2024-05-16'),
('Graphics Laptop',2,'2024-05-16'),
('High-end Laptop',2,'2024-05-16')


insert into brand(name,logo,link,created_by,created_on) values
('Asus','Asus_Logo.png','https://www.asus.com',3,'2024-05-16'),
('Dell','Dell_Logo.png','https://www.dell.com',3,'2024-05-16'),
('HP','HP_Logo.png','https://www.hp.com',4,'2024-05-16'),
('MSI','MSI_Logo.png','https://www.msi.com',4,'2024-05-16'),
('Apple','Apple_Logo.png','https://www.apple.com',4,'2024-05-16'),
('Acer','Acer_Logo.png','https://www.acer.com',3,'2024-05-20'),
('Lenovo','Lenovo_Logo.png','https://www.lenovo.com/vn/vi',3,'2024-05-20')


insert into product(name, CPU, GPU, RAM, ROM, monitor, OS, price, description, brand_id, quantity, representImage,category_id, created_by, created_on) values
('Laptop Asus ROG Strix', 'Intel Core i7-10750H', 'Nvidia RTX 2060', '16GB DDR4', '1TB SSD', '15.6-inch FHD 144Hz', 'Windows 10', 35250000, 'High-performance gaming laptop.', 1, 5, 'laptops-2048px-5607.png', 1, 3, '2024-05-16'),
('Laptop Asus ZenBook 14', 'AMD Ryzen 7 5700U', 'Integrated Radeon Graphics', '16GB DDR4', '512GB SSD', '14-inch FHD', 'Windows 10', 28200000, 'Ultra-slim and lightweight laptop for professionals.', 1, 5, 'laptops-2048px-5607.png', 2, 3, '2024-05-16'),
('Laptop Asus TUF Gaming A15', 'AMD Ryzen 5 4600H', 'Nvidia GTX 1650 Ti', '8GB DDR4', '512GB SSD', '15.6-inch FHD 144Hz', 'Windows 10', 25850000, 'Durable and powerful gaming laptop.', 1, 5, 'laptops-2048px-5607.png', 1, 3, '2024-05-16'),
('Laptop Asus VivoBook S15', 'Intel Core i5-1135G7', 'Intel Iris Xe', '8GB DDR4', '512GB SSD', '15.6-inch FHD', 'Windows 10', 21150000, 'Stylish and lightweight laptop.', 1, 5, 'laptops-2048px-5607.png', 2, 3, '2024-05-16'),
('Laptop Asus ProArt StudioBook', 'Intel Core i9-11900H', 'Nvidia RTX 3070', '32GB DDR4', '1TB SSD', '17-inch 4K UHD', 'Windows 10', 58750000, 'Professional laptop for creators.', 1, 5, 'laptops-2048px-5607.png', 2, 3, '2024-05-16'),
('Laptop Asus Chromebook Flip', 'Intel Core m3-8100Y', 'Integrated Graphics', '4GB LPDDR3', '64GB eMMC', '12.5-inch FHD Touch', 'Chrome OS', 14100000, 'Versatile and portable Chromebook.', 1, 5, 'laptops-2048px-5607.png', 2, 3, '2024-05-16'),
('Laptop Asus ROG Zephyrus G14', 'AMD Ryzen 9 4900HS', 'Nvidia RTX 2060 Max-Q', '16GB DDR4', '1TB SSD', '14-inch FHD 120Hz', 'Windows 10', 42300000, 'Compact yet powerful gaming laptop.', 1, 5, 'laptops-2048px-5607.png', 1, 3, '2024-05-16'),
('Laptop Asus VivoBook Flip 14', 'Intel Core i3-1115G4', 'Intel UHD Graphics', '4GB DDR4', '256GB SSD', '14-inch FHD Touch', 'Windows 10', 16450000, 'Convertible laptop with a touch screen.', 1, 5, 'laptops-2048px-5607.png', 2, 3, '2024-05-16'),
('Laptop Asus ExpertBook B9', 'Intel Core i7-10510U', 'Intel UHD Graphics', '16GB LPDDR3', '1TB SSD', '14-inch FHD', 'Windows 10 Pro', 39950000, 'Lightweight business laptop.', 1, 5, 'laptops-2048px-5607.png', 2, 3, '2024-05-16'),
('Laptop Asus VivoBook 15', 'AMD Ryzen 3 3250U', 'AMD Radeon Vega 3', '8GB DDR4', '256GB SSD', '15.6-inch FHD', 'Windows 10', 15275000, 'Affordable and reliable laptop.', 1, 5, 'laptops-2048px-5607.png', 2, 3, '2024-05-16'),
('Laptop Dell XPS 13', 'Intel Core i7-1165G7', 'Intel Iris Xe', '16GB LPDDR4x', '512GB SSD', '13.3-inch FHD', 'Windows 10', 1400, 'Ultra-portable and premium laptop.', 2, 5, 'laptops-2048px-5607.png', 2, 3, '2024-05-16'),
('Laptop Dell XPS 13', 'Intel Core i7-1165G7', 'Intel Iris Xe', '16GB LPDDR4x', '512GB SSD', '13.3-inch FHD', 'Windows 10', 32900000, 'Ultra-portable and premium laptop.', 2, 5, 'laptops-2048px-5607.png', 2, 3, '2024-05-16'),
('Laptop Dell Inspiron 15', 'Intel Core i5-1135G7', 'Nvidia MX330', '8GB DDR4', '512GB SSD', '15.6-inch FHD', 'Windows 10', 18800000, 'Versatile laptop for everyday use.', 2, 5, 'laptops-2048px-5607.png', 2, 3, '2024-05-16'),
('Laptop Dell G5 15', 'Intel Core i7-10750H', 'Nvidia GTX 1660 Ti', '16GB DDR4', '1TB SSD', '15.6-inch FHD 144Hz', 'Windows 10', 30550000, 'Gaming laptop with high performance.', 2, 5, 'laptops-2048px-5607.png', 1, 3, '2024-05-16'),
('Laptop Dell Latitude 7420', 'Intel Core i7-1185G7', 'Intel Iris Xe', '16GB LPDDR4x', '512GB SSD', '14-inch FHD', 'Windows 10 Pro', 37600000, 'Business laptop with advanced features.', 2, 5, 'laptops-2048px-5607.png', 1, 3, '2024-05-16'),
('Laptop Dell Alienware m15', 'Intel Core i9-10980HK', 'Nvidia RTX 2080 Super', '32GB DDR4', '1TB SSD', '15.6-inch FHD 300Hz', 'Windows 10', 70500000, 'High-end gaming laptop.', 2, 5, 'laptops-2048px-5607.png', 1, 3, '2024-05-16'),
('Laptop Dell Vostro 14', 'Intel Core i3-1115G4', 'Intel UHD Graphics', '4GB DDR4', '256GB SSD', '14-inch HD', 'Windows 10', 14100000, 'Affordable laptop for small businesses.', 2, 5, 'laptops-2048px-5607.png', 1, 3, '2024-05-16'),
('Laptop Dell Precision 5550', 'Intel Xeon W-10855M', 'Nvidia Quadro T2000', '32GB DDR4', '1TB SSD', '15.6-inch FHD', 'Windows 10 Pro', 58750000, 'Mobile workstation for professionals.', 2, 5, 'laptops-2048px-5607.png', 2, 3, '2024-05-16'),
('Laptop Dell Chromebook 3100', 'Intel Celeron N4020', 'Intel UHD Graphics 600', '4GB LPDDR4', '32GB eMMC', '11.6-inch HD', 'Chrome OS', 7050000, 'Durable Chromebook for education.', 2, 5, 'laptops-2048px-5607.png', 2, 3, '2024-05-16'),
('Laptop Dell G3 15', 'AMD Ryzen 5 4600H', 'Nvidia GTX 1650', '8GB DDR4', '512GB SSD', '15.6-inch FHD', 'Windows 10', 23500000, 'Affordable gaming laptop.', 2, 5, 'laptops-2048px-5607.png', 1, 3, '2024-05-16'),
('Laptop Dell XPS 17', 'Intel Core i9-11900H', 'Nvidia RTX 3060', '32GB DDR4', '1TB SSD', '17-inch 4K UHD', 'Windows 10', 63450000, 'Powerful laptop with large screen.', 2, 5, 'laptops-2048px-5607.png', 2, 3, '2024-05-16'),
('Laptop HP Spectre x360', 'Intel Core i7-1165G7', 'Intel Iris Xe', '16GB DDR4', '512GB SSD', '13.3-inch FHD Touch', 'Windows 10', 35250000, 'Convertible laptop with high performance.', 3, 5, 'laptops-2048px-5607.png', 2, 4, '2024-05-16'),
('Laptop HP Pavilion 15', 'AMD Ryzen 5 4500U', 'AMD Radeon Graphics', '8GB DDR4', '512GB SSD', '15.6-inch FHD', 'Windows 10', 16450000, 'Versatile laptop for everyday use.', 3, 5, 'laptops-2048px-5607.png', 2, 4, '2024-05-16'),
('Laptop HP Envy 13', 'Intel Core i5-1135G7', 'Intel Iris Xe', '8GB DDR4', '256GB SSD', '13.3-inch FHD', 'Windows 10', 21150000, 'Sleek and portable laptop.', 3, 5, 'laptops-2048px-5607.png', 2, 4, '2024-05-16'),
('Laptop HP Omen 15', 'AMD Ryzen 7 4800H', 'Nvidia GTX 1660 Ti', '16GB DDR4', '512GB SSD', '15.6-inch FHD 144Hz', 'Windows 10', 30550000, 'Powerful gaming laptop.', 3, 5, 'laptops-2048px-5607.png', 1, 4, '2024-05-16'),
('Laptop HP Elite Dragonfly', 'Intel Core i7-1165G7', 'Intel Iris Xe', '16GB LPDDR4x', '512GB SSD', '13.3-inch FHD Touch', 'Windows 10 Pro', 42300000, 'Premium business laptop.', 3, 5, 'laptops-2048px-5607.png', 1, 4, '2024-05-16'),
('Laptop HP Chromebook 14', 'Intel Celeron N4000', 'Intel UHD Graphics 600', '4GB DDR4', '32GB eMMC', '14-inch HD', 'Chrome OS', 7050000, 'Affordable Chromebook for everyday use.', 3, 5, 'laptops-2048px-5607.png', 2, 4, '2024-05-16'),
('Laptop HP ProBook 450', 'Intel Core i5-1135G7', 'Intel Iris Xe', '8GB DDR4', '256GB SSD', '15.6-inch FHD', 'Windows 10 Pro', 23500000, 'Reliable laptop for business.', 3, 5, 'laptops-2048px-5607.png', 2, 4, '2024-05-16'),
('Laptop HP ZBook Firefly 14', 'Intel Core i7-1165G7', 'Nvidia Quadro T500', '16GB DDR4', '512GB SSD', '14-inch FHD', 'Windows 10 Pro', 39950000, 'Mobile workstation for professionals.', 3, 5, 'laptops-2048px-5607.png', 1, 4, '2024-05-16'),
('Laptop HP Envy x360', 'AMD Ryzen 7 5700U', 'AMD Radeon Graphics', '16GB DDR4', '512GB SSD', '15.6-inch FHD Touch', 'Windows 10', 25850000, 'Convertible laptop with powerful performance.', 3, 5, 'laptops-2048px-5607.png', 2, 4, '2024-05-16'),
('Laptop HP Pavilion Gaming 16', 'Intel Core i5-10300H', 'Nvidia GTX 1650 Ti', '8GB DDR4', '512GB SSD', '16.1-inch FHD', 'Windows 10', 23500000, 'Gaming laptop with large screen.', 3, 5, 'laptops-2048px-5607.png', 1, 4, '2024-05-16'),
('Laptop MSI GF63', 'Intel Core i7-10750H', 'Nvidia GTX 1650', '16GB DDR4', '512GB SSD', '15.6-inch FHD 120Hz', 'Windows 10', 25400000, 'Affordable gaming laptop.', 4, 5, 'laptops-2048px-5607.png', 1, 4, '2024-05-16'),
('Laptop MSI Prestige 14', 'Intel Core i7-1185G7', 'Intel Iris Xe', '16GB LPDDR4x', '1TB SSD', '14-inch FHD', 'Windows 10', 32300000, 'Stylish and powerful laptop for creators.', 4, 5, 'laptops-2048px-5607.png', 2, 4, '2024-05-16'),
('Laptop MSI Modern 15', 'AMD Ryzen 5 4500U', 'AMD Radeon Graphics', '8GB DDR4', '512GB SSD', '15.6-inch FHD', 'Windows 10', 16100000, 'Versatile laptop for everyday use.', 4, 5, 'laptops-2048px-5607.png', 2, 4, '2024-05-16'),
('Laptop MSI GE75 Raider', 'Intel Core i9-10980HK', 'Nvidia RTX 2080 Super', '32GB DDR4', '1TB SSD', '17.3-inch FHD 300Hz', 'Windows 10', 69000000, 'High-end gaming laptop with large screen.', 4, 5, 'laptops-2048px-5607.png', 1, 4, '2024-05-16'),
('Laptop MSI WS66', 'Intel Xeon W-10855M', 'Nvidia Quadro RTX 4000', '32GB DDR4', '1TB SSD', '15.6-inch FHD', 'Windows 10 Pro', 57500000, 'Mobile workstation for professionals.', 4, 5, 'laptops-2048px-5607.png', 1, 4, '2024-05-16'),
('Laptop MSI Stealth 15M', 'Intel Core i7-11375H', 'Nvidia RTX 3060', '16GB DDR4', '512GB SSD', '15.6-inch FHD 144Hz', 'Windows 10', 39100000, 'Slim and powerful gaming laptop.', 4, 5, 'laptops-2048px-5607.png', 1, 4, '2024-05-16'),
('Laptop MSI Bravo 15', 'AMD Ryzen 7 4800H', 'AMD Radeon RX 5500M', '16GB DDR4', '512GB SSD', '15.6-inch FHD 144Hz', 'Windows 10', 27600000, 'Affordable gaming laptop with AMD components.', 4, 5, 'laptops-2048px-5607.png', 1, 4, '2024-05-16'),
('Laptop MSI Creator 17', 'Intel Core i7-10875H', 'Nvidia RTX 2070 Super', '32GB DDR4', '1TB SSD', '17.3-inch 4K UHD', 'Windows 10', 62100000, 'Professional laptop for content creators.', 4, 5, 'laptops-2048px-5607.png', 2, 4, '2024-05-16'),
('Laptop MSI Summit E14', 'Intel Core i7-1185G7', 'Nvidia GTX 1650 Ti', '16GB LPDDR4x', '1TB SSD', '14-inch FHD', 'Windows 10 Pro', 41400000, 'Business laptop with powerful performance.', 4, 5, 'laptops-2048px-5607.png', 2, 4, '2024-05-16'),
('Laptop MSI GL65 Leopard', 'Intel Core i7-10750H', 'Nvidia RTX 2070', '16GB DDR4', '512GB SSD', '15.6-inch FHD 144Hz', 'Windows 10', 34500000, 'Gaming laptop with robust performance.', 4, 5, 'laptops-2048px-5607.png', 1, 4, '2024-05-16'),
('MacBook Pro 13', 'Apple M1', 'Integrated 8-core GPU', '16GB Unified', '512GB SSD', '13.3-inch Retina', 'macOS', 42300000, 'Powerful and portable laptop.', 5, 5, 'laptops-2048px-5607.png', 2, 4, '2024-05-16'),
('MacBook Air', 'Apple M1', 'Integrated 8-core GPU', '8GB Unified', '256GB SSD', '13.3-inch Retina', 'macOS', 23500000, 'Lightweight and efficient laptop.', 5, 5, 'laptops-2048px-5607.png', 2, 4, '2024-05-16'),
('MacBook Pro 16', 'Intel Core i9', 'AMD Radeon Pro 5500M', '32GB DDR4', '1TB SSD', '16-inch Retina', 'macOS', 65900000, 'High-end laptop for professionals.', 5, 5, 'laptops-2048px-5607.png', 2, 4, '2024-05-16'),
('iMac 24', 'Apple M1', 'Integrated 8-core GPU', '16GB Unified', '1TB SSD', '24-inch 4.5K Retina', 'macOS', 47000000, 'All-in-one desktop with stunning display.', 5, 5, 'laptops-2048px-5607.png', 2, 4, '2024-05-16'),
('Mac Mini', 'Apple M1', 'Integrated 8-core GPU', '16GB Unified', '512GB SSD', 'N/A', 'macOS', 23500000, 'Compact desktop with powerful performance.', 5, 5, 'laptops-2048px-5607.png', 2, 4, '2024-05-16'),
('MacBook Pro 14', 'Apple M1 Pro', 'Integrated 16-core GPU', '32GB Unified', '1TB SSD', '14.2-inch Retina', 'macOS', 58750000, 'Powerful laptop for demanding tasks.', 5, 5, 'laptops-2048px-5607.png', 2, 4, '2024-05-16'),
('iMac 27', 'Intel Core i7', 'AMD Radeon Pro 5700XT', '32GB DDR4', '1TB SSD', '27-inch 5K Retina', 'macOS', 70500000, 'High-performance all-in-one desktop.', 5, 5, 'laptops-2048px-5607.png', 2, 4, '2024-05-16'),
('MacBook Pro 15', 'Intel Core i7', 'AMD Radeon Pro 560X', '16GB DDR4', '512GB SSD', '15.4-inch Retina', 'macOS', 56400000, 'Professional laptop with large screen.', 5, 5, 'laptops-2048px-5607.png', 2, 4, '2024-05-16'),
('Mac Pro', 'Intel Xeon W', 'AMD Radeon Pro Vega II', '64GB DDR4', '1TB SSD', 'N/A', 'macOS', 141000000, 'High-end desktop for professionals.', 5, 5, 'laptops-2048px-5607.png', 2, 4, '2024-05-16'),
('MacBook Pro 13 (Intel)', 'Intel Core i5', 'Intel Iris Plus', '16GB DDR4', '512GB SSD', '13.3-inch Retina', 'macOS', 39950000, 'Portable and powerful laptop.', 5, 5, 'laptops-2048px-5607.png', 2, 4, '2024-05-16'),
('Laptop Acer Aspire 5', 'Intel Core i5-1135G7', 'Nvidia MX350', '8GB DDR4', '512GB SSD', '15.6-inch FHD', 'Windows 10', 16450000, 'Affordable laptop for everyday use.', 6, 5, 'laptops-2048px-5607.png', 2, 3, '2024-05-20'),
('Laptop Acer Nitro 5', 'Intel Core i7-10750H', 'Nvidia GTX 1660 Ti', '16GB DDR4', '1TB SSD', '15.6-inch FHD 144Hz', 'Windows 10', 28200000, 'Powerful gaming laptop.', 6, 5, 'laptops-2048px-5607.png', 1, 3, '2024-05-20'),
('Laptop Acer Swift 3', 'AMD Ryzen 7 4700U', 'AMD Radeon Graphics', '8GB DDR4', '512GB SSD', '14-inch FHD', 'Windows 10', 15275000, 'Slim and lightweight laptop.', 6, 5, 'laptops-2048px-5607.png', 2, 3, '2024-05-20'),
('Laptop Acer Predator Helios 300', 'Intel Core i7-10750H', 'Nvidia RTX 2070', '16GB DDR4', '1TB SSD', '15.6-inch FHD 144Hz', 'Windows 10', 32900000, 'High-end gaming laptop.', 6, 5, 'laptops-2048px-5607.png', 1, 3, '2024-05-20'),
('Laptop Acer Chromebook Spin 713', 'Intel Core i5-10210U', 'Intel UHD Graphics', '8GB DDR4', '128GB eMMC', '13.5-inch 2K Touch', 'Chrome OS', 16450000, 'Versatile and convertible Chromebook.', 6, 5, 'laptops-2048px-5607.png', 1, 3, '2024-05-20'),
('Laptop Acer Aspire 7', 'AMD Ryzen 5 3550H', 'Nvidia GTX 1650', '8GB DDR4', '512GB SSD', '15.6-inch FHD', 'Windows 10', 18800000, 'Reliable laptop for gaming and work.', 6, 5, 'laptops-2048px-5607.png', 1, 3, '2024-05-20'),
('Laptop Acer Spin 5', 'Intel Core i7-1065G7', 'Intel Iris Plus', '16GB DDR4', '512GB SSD', '13.5-inch 2K Touch', 'Windows 10', 23500000, 'Convertible laptop with high resolution.', 6, 5, 'laptops-2048px-5607.png', 2, 3, '2024-05-20'),
('Laptop Acer Enduro N3', 'Intel Core i5-10210U', 'Nvidia MX230', '8GB DDR4', '512GB SSD', '14-inch FHD', 'Windows 10 Pro', 25850000, 'Durable laptop for harsh environments.', 6, 5, 'laptops-2048px-5607.png', 1, 3, '2024-05-20'),
('Laptop Acer TravelMate P2', 'Intel Core i5-1035G1', 'Intel UHD Graphics', '8GB DDR4', '256GB SSD', '15.6-inch FHD', 'Windows 10 Pro', 14100000, 'Affordable business laptop.', 6, 5, 'laptops-2048px-5607.png', 2, 3, '2024-05-20'),
('Laptop Acer ConceptD 3', 'Intel Core i7-9750H', 'Nvidia GTX 1650', '16GB DDR4', '1TB SSD', '15.6-inch FHD', 'Windows 10 Pro', 35250000, 'Laptop for creative professionals.', 6, 5, 'laptops-2048px-5607.png', 1, 3, '2024-05-20'),
('Laptop Lenovo ThinkPad X1 Carbon', 'Intel Core i7-1165G7', 'Intel Iris Xe', '16GB LPDDR4x', '512GB SSD', '14-inch FHD', 'Windows 10 Pro', 37600000, 'Premium business laptop.', 7, 5, 'laptops-2048px-5607.png', 1, 3, '2024-05-20'),
('Laptop Lenovo Yoga 7i', 'Intel Core i5-1135G7', 'Intel Iris Xe', '8GB DDR4', '256GB SSD', '14-inch FHD Touch', 'Windows 10', 21150000, 'Convertible laptop with great performance.', 7, 5, 'laptops-2048px-5607.png', 2, 3, '2024-05-20'),
('Laptop Lenovo Legion 5', 'AMD Ryzen 7 4800H', 'Nvidia GTX 1660 Ti', '16GB DDR4', '512GB SSD', '15.6-inch FHD 144Hz', 'Windows 10', 28200000, 'Powerful gaming laptop.', 7, 5, 'laptops-2048px-5607.png', 1, 3, '2024-05-20'),
('Laptop Lenovo IdeaPad 3', 'AMD Ryzen 5 3500U', 'AMD Radeon Vega 8', '8GB DDR4', '256GB SSD', '15.6-inch FHD', 'Windows 10', 11750000, 'Affordable laptop for everyday tasks.', 7, 5, 'laptops-2048px-5607.png', 2, 3, '2024-05-20'),
('Laptop Lenovo ThinkBook 14s', 'Intel Core i5-10210U', 'Intel UHD Graphics', '8GB DDR4', '512GB SSD', '14-inch FHD', 'Windows 10 Pro', 23500000, 'Business laptop with solid performance.', 7, 5, 'laptops-2048px-5607.png', 2, 3, '2024-05-20'),
('Laptop Lenovo Flex 5', 'AMD Ryzen 5 4500U', 'AMD Radeon Graphics', '8GB DDR4', '256GB SSD', '14-inch FHD Touch', 'Windows 10', 16450000, 'Convertible laptop with AMD performance.', 7, 5, 'laptops-2048px-5607.png', 2, 3, '2024-05-20'),
('Laptop Lenovo ThinkPad P53', 'Intel Xeon E-2276M', 'Nvidia Quadro T2000', '32GB DDR4', '1TB SSD', '15.6-inch FHD', 'Windows 10 Pro', 58750000, 'Mobile workstation for professionals.', 7, 5, 'laptops-2048px-5607.png', 2, 3, '2024-05-20'),
('Laptop Lenovo Chromebook Duet', 'MediaTek Helio P60T', 'ARM G72 MP3', '4GB LPDDR4x', '64GB eMMC', '10.1-inch FHD Touch', 'Chrome OS', 7050000, 'Affordable 2-in-1 Chromebook.', 7, 5, 'laptops-2048px-5607.png', 1, 3, '2024-05-20'),
('Laptop Lenovo ThinkPad X1 Yoga', 'Intel Core i7-1185G7', 'Intel Iris Xe', '16GB LPDDR4x', '512GB SSD', '14-inch FHD Touch', 'Windows 10 Pro', 42300000, 'Convertible business laptop.', 7, 5, 'laptops-2048px-5607.png', 2, 3, '2024-05-20'),
('Laptop Lenovo Legion 7i', 'Intel Core i9-10980HK', 'Nvidia RTX 2080 Super', '32GB DDR4', '1TB SSD', '15.6-inch FHD 240Hz', 'Windows 10', 65800000, 'High-end gaming laptop.', 7, 5, 'laptops-2048px-5607.png', 1, 3, '2024-05-20');

insert into product_image(img,product_id) values
('latop_sample.png',1),	
('latop_sample.png',2),
('latop_sample.png',3),
('latop_sample.png',4),
('latop_sample.png',5),
('latop_sample.png',6),
('latop_sample.png',7),
('latop_sample.png',8),
('latop_sample.png',9),
('latop_sample.png',10),
('latop_sample.png',11),
('latop_sample.png',12),
('latop_sample.png',13),
('latop_sample.png',14),
('latop_sample.png',15),
('latop_sample.png',16),
('latop_sample.png',17),
('latop_sample.png',18),
('latop_sample.png',19),
('latop_sample.png',20),
('latop_sample.png',21),
('latop_sample.png',22),
('latop_sample.png',23),
('latop_sample.png', 24),
('latop_sample.png', 25),
('latop_sample.png', 26),
('latop_sample.png', 27),
('latop_sample.png', 28),
('latop_sample.png', 29),
('latop_sample.png', 30),
('latop_sample.png', 31),
('latop_sample.png', 32),
('latop_sample.png', 33),
('latop_sample.png', 34),
('latop_sample.png', 35),
('latop_sample.png', 36),
('latop_sample.png', 37),
('latop_sample.png', 38),
('latop_sample.png', 39),
('latop_sample.png', 40),
('latop_sample.png', 41),
('latop_sample.png', 42),
('latop_sample.png', 43),
('latop_sample.png', 44),
('latop_sample.png', 45),
('latop_sample.png', 46),
('latop_sample.png', 47),
('latop_sample.png', 48),
('latop_sample.png', 49),
('latop_sample.png', 50),
('latop_sample.png', 51),
('latop_sample.png', 52),
('latop_sample.png', 53),
('latop_sample.png', 54),
('latop_sample.png', 55),
('latop_sample.png', 56),
('latop_sample.png', 57),
('latop_sample.png', 58),
('latop_sample.png', 59),
('latop_sample.png', 60),
('latop_sample.png', 61),
('latop_sample.png', 62),
('latop_sample.png', 63),
('latop_sample.png', 64),
('latop_sample.png', 65),
('latop_sample.png', 66),
('latop_sample.png', 67),
('latop_sample.png', 68),
('latop_sample.png', 69),
('latop_sample.png', 70),
('latop_sample.png', 71),
('laptop_sample_2.jpg', 1),
('laptop_sample_2.jpg', 2),
('laptop_sample_2.jpg', 3),
('laptop_sample_2.jpg', 4),
('laptop_sample_2.jpg', 5),
('laptop_sample_2.jpg', 6),
('laptop_sample_2.jpg', 7),
('laptop_sample_2.jpg', 8),
('laptop_sample_2.jpg', 9),
('laptop_sample_2.jpg', 10),
('laptop_sample_2.jpg', 11),
('laptop_sample_2.jpg', 12),
('laptop_sample_2.jpg', 13),
('laptop_sample_2.jpg', 14),
('laptop_sample_2.jpg', 15),
('laptop_sample_2.jpg', 16),
('laptop_sample_2.jpg', 17),
('laptop_sample_2.jpg', 18),
('laptop_sample_2.jpg', 19),
('laptop_sample_2.jpg', 20),
('laptop_sample_2.jpg', 21),
('laptop_sample_2.jpg', 22),
('laptop_sample_2.jpg', 23),
('laptop_sample_2.jpg', 24),
('laptop_sample_2.jpg', 25),
('laptop_sample_2.jpg', 26),
('laptop_sample_2.jpg', 27),
('laptop_sample_2.jpg', 28),
('laptop_sample_2.jpg', 29),
('laptop_sample_2.jpg', 30),
('laptop_sample_2.jpg', 31),
('laptop_sample_2.jpg', 32),
('laptop_sample_2.jpg', 33),
('laptop_sample_2.jpg', 34),
('laptop_sample_2.jpg', 35),
('laptop_sample_2.jpg', 36),
('laptop_sample_2.jpg', 37),
('laptop_sample_2.jpg', 38),
('laptop_sample_2.jpg', 39),
('laptop_sample_2.jpg', 40),
('laptop_sample_2.jpg', 41),
('laptop_sample_2.jpg', 42),
('laptop_sample_2.jpg', 43),
('laptop_sample_2.jpg', 44),
('laptop_sample_2.jpg', 45),
('laptop_sample_2.jpg', 46),
('laptop_sample_2.jpg', 47),
('laptop_sample_2.jpg', 48),
('laptop_sample_2.jpg', 49),
('laptop_sample_2.jpg', 50),
('laptop_sample_2.jpg', 51),
('laptop_sample_2.jpg', 52),
('laptop_sample_2.jpg', 53),
('laptop_sample_2.jpg', 54),
('laptop_sample_2.jpg', 55),
('laptop_sample_2.jpg', 56),
('laptop_sample_2.jpg', 57),
('laptop_sample_2.jpg', 58),
('laptop_sample_2.jpg', 59),
('laptop_sample_2.jpg', 60),
('laptop_sample_2.jpg', 61),
('laptop_sample_2.jpg', 62),
('laptop_sample_2.jpg', 63),
('laptop_sample_2.jpg', 64),
('laptop_sample_2.jpg', 65),
('laptop_sample_2.jpg', 66),
('laptop_sample_2.jpg', 67),
('laptop_sample_2.jpg', 68),
('laptop_sample_2.jpg', 69),
('laptop_sample_2.jpg', 70),
('laptop_sample_2.jpg', 71);

INSERT INTO serial_number(sn, product_id, sn_status) VALUES
('1_SN_01', 1, 1), ('1_SN_02', 1, 1), ('1_SN_03', 1, 1), ('1_SN_04', 1, 2), ('1_SN_05', 1, 2),
('2_SN_01', 2, 1), ('2_SN_02', 2, 1), ('2_SN_03', 2, 1), ('2_SN_04', 2, 2), ('2_SN_05', 2, 2),
('3_SN_01', 3, 1), ('3_SN_02', 3, 1), ('3_SN_03', 3, 1), ('3_SN_04', 3, 2), ('3_SN_05', 3, 2),
('4_SN_01', 4, 1), ('4_SN_02', 4, 1), ('4_SN_03', 4, 1), ('4_SN_04', 4, 2), ('4_SN_05', 4, 2),
('5_SN_01', 5, 1), ('5_SN_02', 5, 1), ('5_SN_03', 5, 1), ('5_SN_04', 5, 2), ('5_SN_05', 5, 2),
('6_SN_01', 6, 1), ('6_SN_02', 6, 1), ('6_SN_03', 6, 1), ('6_SN_04', 6, 2), ('6_SN_05', 6, 2),
('7_SN_01', 7, 1), ('7_SN_02', 7, 1), ('7_SN_03', 7, 1), ('7_SN_04', 7, 2), ('7_SN_05', 7, 2),
('8_SN_01', 8, 1), ('8_SN_02', 8, 1), ('8_SN_03', 8, 1), ('8_SN_04', 8, 2), ('8_SN_05', 8, 2),
('9_SN_01', 9, 1), ('9_SN_02', 9, 1), ('9_SN_03', 9, 1), ('9_SN_04', 9, 2), ('9_SN_05', 9, 2),
('10_SN_01', 10, 1), ('10_SN_02', 10, 1), ('10_SN_03', 10, 1), ('10_SN_04', 10, 1), ('10_SN_05', 10, 1),
('11_SN_01', 11, 1), ('11_SN_02', 11, 1), ('11_SN_03', 11, 1), ('11_SN_04', 11, 1), ('11_SN_05', 11, 1),
('12_SN_01', 12, 1), ('12_SN_02', 12, 1), ('12_SN_03', 12, 1), ('12_SN_04', 12, 1), ('12_SN_05', 12, 1),
('13_SN_01', 13, 1), ('13_SN_02', 13, 1), ('13_SN_03', 13, 1), ('13_SN_04', 13, 1), ('13_SN_05', 13, 1),
('14_SN_01', 14, 1), ('14_SN_02', 14, 1), ('14_SN_03', 14, 1), ('14_SN_04', 14, 1), ('14_SN_05', 14, 1),
('15_SN_01', 15, 1), ('15_SN_02', 15, 1), ('15_SN_03', 15, 1), ('15_SN_04', 15, 1), ('15_SN_05', 15, 1),
('16_SN_01', 16, 1), ('16_SN_02', 16, 1), ('16_SN_03', 16, 1), ('16_SN_04', 16, 1), ('16_SN_05', 16, 1),
('17_SN_01', 17, 1), ('17_SN_02', 17, 1), ('17_SN_03', 17, 1), ('17_SN_04', 17, 1), ('17_SN_05', 17, 1),
('18_SN_01', 18, 1), ('18_SN_02', 18, 1), ('18_SN_03', 18, 1), ('18_SN_04', 18, 1), ('18_SN_05', 18, 1),
('19_SN_01', 19, 1), ('19_SN_02', 19, 1), ('19_SN_03', 19, 1), ('19_SN_04', 19, 1), ('19_SN_05', 19, 1),
('20_SN_01', 20, 1), ('20_SN_02', 20, 1), ('20_SN_03', 20, 1), ('20_SN_04', 20, 1), ('20_SN_05', 20, 1),
('21_SN_01', 21, 1), ('21_SN_02', 21, 1), ('21_SN_03', 21, 1), ('21_SN_04', 21, 1), ('21_SN_05', 21, 1),
('22_SN_01', 22, 1), ('22_SN_02', 22, 1), ('22_SN_03', 22, 1), ('22_SN_04', 22, 1), ('22_SN_05', 22, 1),
('23_SN_01', 23, 1), ('23_SN_02', 23, 1), ('23_SN_03', 23, 1), ('23_SN_04', 23, 1), ('23_SN_05', 23, 1),
('24_SN_01', 24, 1), ('24_SN_02', 24, 1), ('24_SN_03', 24, 1), ('24_SN_04', 24, 1), ('24_SN_05', 24, 1),
('25_SN_01', 25, 1), ('25_SN_02', 25, 1), ('25_SN_03', 25, 1), ('25_SN_04', 25, 1), ('25_SN_05', 25, 1),
('26_SN_01', 26, 1), ('26_SN_02', 26, 1), ('26_SN_03', 26, 1), ('26_SN_04', 26, 1), ('26_SN_05', 26, 1),
('27_SN_01', 27, 1), ('27_SN_02', 27, 1), ('27_SN_03', 27, 1), ('27_SN_04', 27, 1), ('27_SN_05', 27, 1),
('28_SN_01', 28, 1), ('28_SN_02', 28, 1), ('28_SN_03', 28, 1), ('28_SN_04', 28, 1), ('28_SN_05', 28, 1),
('29_SN_01', 29, 1), ('29_SN_02', 29, 1), ('29_SN_03', 29, 1), ('29_SN_04', 29, 1), ('29_SN_05', 29, 1),
('30_SN_01', 30, 1), ('30_SN_02', 30, 1), ('30_SN_03', 30, 1), ('30_SN_04', 30, 1), ('30_SN_05', 30, 1),
('31_SN_01', 31, 1), ('31_SN_02', 31, 1), ('31_SN_03', 31, 1), ('31_SN_04', 31, 1), ('31_SN_05', 31, 1),
('32_SN_01', 32, 1), ('32_SN_02', 32, 1), ('32_SN_03', 32, 1), ('32_SN_04', 32, 1), ('32_SN_05', 32, 1),
('33_SN_01', 33, 1), ('33_SN_02', 33, 1), ('33_SN_03', 33, 1), ('33_SN_04', 33, 1), ('33_SN_05', 33, 1),
('34_SN_01', 34, 1), ('34_SN_02', 34, 1), ('34_SN_03', 34, 1), ('34_SN_04', 34, 1), ('34_SN_05', 34, 1),
('35_SN_01', 35, 1), ('35_SN_02', 35, 1), ('35_SN_03', 35, 1), ('35_SN_04', 35, 1), ('35_SN_05', 35, 1),
('36_SN_01', 36, 1), ('36_SN_02', 36, 1), ('36_SN_03', 36, 1), ('36_SN_04', 36, 1), ('36_SN_05', 36, 1),
('37_SN_01', 37, 1), ('37_SN_02', 37, 1), ('37_SN_03', 37, 1), ('37_SN_04', 37, 1), ('37_SN_05', 37, 1),
('38_SN_01', 38, 1), ('38_SN_02', 38, 1), ('38_SN_03', 38, 1), ('38_SN_04', 38, 1), ('38_SN_05', 38, 1),
('39_SN_01', 39, 1), ('39_SN_02', 39, 1), ('39_SN_03', 39, 1), ('39_SN_04', 39, 1), ('39_SN_05', 39, 1),
('40_SN_01', 40, 1), ('40_SN_02', 40, 1), ('40_SN_03', 40, 1), ('40_SN_04', 40, 1), ('40_SN_05', 40, 1),
('41_SN_01', 41, 1), ('41_SN_02', 41, 1), ('41_SN_03', 41, 1), ('41_SN_04', 41, 1), ('41_SN_05', 41, 1),
('42_SN_01', 42, 1), ('42_SN_02', 42, 1), ('42_SN_03', 42, 1), ('42_SN_04', 42, 1), ('42_SN_05', 42, 1),
('43_SN_01', 43, 1), ('43_SN_02', 43, 1), ('43_SN_03', 43, 1), ('43_SN_04', 43, 1), ('43_SN_05', 43, 1),
('44_SN_01', 44, 1), ('44_SN_02', 44, 1), ('44_SN_03', 44, 1), ('44_SN_04', 44, 1), ('44_SN_05', 44, 1),
('45_SN_01', 45, 1), ('45_SN_02', 45, 1), ('45_SN_03', 45, 1), ('45_SN_04', 45, 1), ('45_SN_05', 45, 1),
('46_SN_01', 46, 1), ('46_SN_02', 46, 1), ('46_SN_03', 46, 1), ('46_SN_04', 46, 1), ('46_SN_05', 46, 1),
('47_SN_01', 47, 1), ('47_SN_02', 47, 1), ('47_SN_03', 47, 1), ('47_SN_04', 47, 1), ('47_SN_05', 47, 1),
('48_SN_01', 48, 1), ('48_SN_02', 48, 1), ('48_SN_03', 48, 1), ('48_SN_04', 48, 1), ('48_SN_05', 48, 1),
('49_SN_01', 49, 1), ('49_SN_02', 49, 1), ('49_SN_03', 49, 1), ('49_SN_04', 49, 1), ('49_SN_05', 49, 1),
('50_SN_01', 50, 1), ('50_SN_02', 50, 1), ('50_SN_03', 50, 1), ('50_SN_04', 50, 1), ('50_SN_05', 50, 1),
('51_SN_01', 51, 1), ('51_SN_02', 51, 1), ('51_SN_03', 51, 1), ('51_SN_04', 51, 1), ('51_SN_05', 51, 1),
('52_SN_01', 52, 1), ('52_SN_02', 52, 1), ('52_SN_03', 52, 1), ('52_SN_04', 52, 1), ('52_SN_05', 52, 1),
('53_SN_01', 53, 1), ('53_SN_02', 53, 1), ('53_SN_03', 53, 1), ('53_SN_04', 53, 1), ('53_SN_05', 53, 1),
('54_SN_01', 54, 1), ('54_SN_02', 54, 1), ('54_SN_03', 54, 1), ('54_SN_04', 54, 1), ('54_SN_05', 54, 1),
('55_SN_01', 55, 1), ('55_SN_02', 55, 1), ('55_SN_03', 55, 1), ('55_SN_04', 55, 1), ('55_SN_05', 55, 1),
('56_SN_01', 56, 1), ('56_SN_02', 56, 1), ('56_SN_03', 56, 1), ('56_SN_04', 56, 1), ('56_SN_05', 56, 1),
('57_SN_01', 57, 1), ('57_SN_02', 57, 1), ('57_SN_03', 57, 1), ('57_SN_04', 57, 1), ('57_SN_05', 57, 1),
('58_SN_01', 58, 1), ('58_SN_02', 58, 1), ('58_SN_03', 58, 1), ('58_SN_04', 58, 1), ('58_SN_05', 58, 1),
('59_SN_01', 59, 1), ('59_SN_02', 59, 1), ('59_SN_03', 59, 1), ('59_SN_04', 59, 1), ('59_SN_05', 59, 1),
('60_SN_01', 60, 1), ('60_SN_02', 60, 1), ('60_SN_03', 60, 1), ('60_SN_04', 60, 1), ('60_SN_05', 60, 1),
('61_SN_01', 61, 1), ('61_SN_02', 61, 1), ('61_SN_03', 61, 1), ('61_SN_04', 61, 1), ('61_SN_05', 61, 1),
('62_SN_01', 62, 1), ('62_SN_02', 62, 1), ('62_SN_03', 62, 1), ('62_SN_04', 62, 1), ('62_SN_05', 62, 1),
('63_SN_01', 63, 1), ('63_SN_02', 63, 1), ('63_SN_03', 63, 1), ('63_SN_04', 63, 1), ('63_SN_05', 63, 1),
('64_SN_01', 64, 1), ('64_SN_02', 64, 1), ('64_SN_03', 64, 1), ('64_SN_04', 64, 1), ('64_SN_05', 64, 1),
('65_SN_01', 65, 1), ('65_SN_02', 65, 1), ('65_SN_03', 65, 1), ('65_SN_04', 65, 1), ('65_SN_05', 65, 1),
('66_SN_01', 66, 1), ('66_SN_02', 66, 1), ('66_SN_03', 66, 1), ('66_SN_04', 66, 1), ('66_SN_05', 66, 1),
('67_SN_01', 67, 1), ('67_SN_02', 67, 1), ('67_SN_03', 67, 1), ('67_SN_04', 67, 1), ('67_SN_05', 67, 1),
('68_SN_01', 68, 1), ('68_SN_02', 68, 1), ('68_SN_03', 68, 1), ('68_SN_04', 68, 1), ('68_SN_05', 68, 1),
('69_SN_01', 69, 1), ('69_SN_02', 69, 1), ('69_SN_03', 69, 1), ('69_SN_04', 69, 1), ('69_SN_05', 69, 1),
('70_SN_01', 70, 1), ('70_SN_02', 70, 1), ('70_SN_03', 70, 1), ('70_SN_04', 70, 1), ('70_SN_05', 70, 1);

insert into discount (product_id, quantity, value, start_date, exp_date,created_by) values
(1, 5, 98, '2024-05-30', '2024-06-30',4),
(2, 3, 95, '2024-05-30', '2024-07-15',2),
(3, 1, 100, '2024-05-30', '2024-07-31',3),
(4, 2, 10, '2024-05-30', '2024-06-15',3),
(5, 1, 99, '2024-05-30', '2024-08-10',2),
(6, 4, 75, '2024-05-30', '2024-08-20', 2),
(7, 3, 85, '2024-05-30', '2024-08-25', 3),
(8, 2, 90, '2024-05-30', '2024-09-05', 4),
(9, 5, 60, '2024-05-30', '2024-07-30', 2),
(10, 6, 70, '2024-05-30', '2024-07-20', 3),
(11, 1, 55, '2024-05-30', '2024-06-25', 4),
(12, 5, 65, '2024-05-30', '2024-09-15', 2),
(13, 5, 80, '2024-05-30', '2024-10-05', 3),
(14, 2, 50, '2024-05-30', '2024-08-10', 4),
(15, 3, 95, '2024-05-30', '2024-09-25', 2),
(16, 4, 88, '2024-05-30', '2024-08-30', 3),
(17, 5, 77, '2024-05-30', '2024-07-15', 4),
(18, 2, 93, '2024-05-30', '2024-07-05', 2),
(19, 3, 85, '2024-05-30', '2024-09-20', 3),
(20, 1, 99, '2024-05-30', '2024-10-15', 4);

insert into [order] (customer_id, note, [address], phone, order_date, paid_date, order_status) values 
(1, N'Giao h√†ng nhanh nh√©.', N'H√† N·ªôi', '093456789', '2023-05-10', '2024-05-11', 2),
(2, N'C·∫©n th·∫≠n ƒë·ª´ng l√†m h·ªèng.', N'H·ªì Ch√≠ Minh', '098765421', '2023-12-01', NULL, 1),
(3, NULL, N'ƒê√† N·∫µng', '032976542', '2023-12-01', NULL, 3),
(4, NULL, N'H√† N·ªôi', '091234567', '2024-01-10', NULL, 1),
(5, NULL, N'H·∫£i Ph√≤ng', '098123456', '2024-02-15', '2024-02-16', 2),
(2, NULL, N'H√† N·ªôi', '091234578', '2024-03-20', '2024-03-21', 4),
(3, NULL, N'H·ªì Ch√≠ Minh', '090123456', '2024-04-25', '2024-04-26', 5),
(4, NULL, N'H√† N·ªôi', '093234567', '2024-05-01', '2024-05-02', 6),
(5, NULL, N'ƒ?√† N·∫µng', '032123456', '2024-05-05', '2024-05-06', 7),
(1, NULL, N'H·∫£i Ph√≤ng', '098234567', '2024-05-10', NULL, 1),
(1, NULL, N'H√† N·ªôi', '091345678', '2024-05-15', NULL, 1),
(2, NULL, N'H·ªì Ch√≠ Minh', '090234567', '2024-05-20', '2024-05-21', 2),
(3, NULL, N'H√† N·ªôi', '093345678', '2024-05-25', '2024-05-26', 4),
(4, NULL, N'ƒê√† N·∫µng', '032234567', '2024-06-01', '2024-06-02', 5),
(5, NULL, N'H·∫£i Ph√≤ng', '098345678', '2024-06-05', '2024-06-06', 6),
(2, NULL, N'H√† N·ªôi', '091456789', '2024-06-10', '2024-06-11', 4),
(1, NULL, N'H·ªì Ch√≠ Minh', '090345678', '2024-06-15', NULL, 1),
(5, NULL, N'H√† N·ªôi', '093456780', '2024-06-20', NULL, 1),
(3, NULL, N'ƒê√† N·∫µng', '032345678', '2024-06-25', NULL, 1),
(3, NULL, N'H·∫£i Ph√≤ng', '098456789', '2024-07-01', '2024-07-02', 2),
(1, NULL, N'H√† N·ªôi', '091567890', '2024-07-05', '2024-07-06', 4),
(2, NULL, N'H·ªì Ch√≠ Minh', '090456789', '2024-07-10', '2024-07-11', 5),
(3, NULL, N'H√† N·ªôi', '093567890', '2024-07-15', '2024-07-16', 6),
(4, NULL, N'ƒê√† N·∫µng', '032456789', '2024-07-20', '2024-07-21', 4),
(5, NULL, N'H·∫£i Ph√≤ng', '098567890', '2024-07-25', NULL, 1),
(2, NULL, N'H√† N·ªôi', '091678901', '2024-08-01', NULL, 1),
(3, NULL, N'H·ªì Ch√≠ Minh', '090567890', '2024-08-05', '2024-08-06', 2),
(2, NULL, N'H√† N·ªôi', '093678901', '2024-08-10', '2024-08-11', 4),
(2, NULL, N'ƒê√† N·∫µng', '032567890', '2024-08-15', '2024-08-16', 5),
(3, NULL, N'H·∫£i Ph√≤ng', '098678901', '2024-08-20', '2024-08-21', 6),
(1, NULL, N'H√† N·ªôi', '091789012', '2024-08-25', '2024-08-26', 1),
(2, NULL, N'H·ªì Ch√≠ Minh', '090678901', '2024-09-01', NULL, 1),
(3, NULL, N'H√† N·ªôi', '093789012', '2024-09-05', NULL, 1),
(3, NULL, N'ƒê√† N·∫µng', '032678901', '2024-09-10', NULL, 1),
(5, NULL, N'H·∫£i Ph√≤ng', '098789012', '2024-09-15', '2024-09-16', 2),
(3, NULL, N'H√† N·ªôi', '091890123', '2024-09-20', '2024-09-21', 4),
(4, NULL, N'H·ªì Ch√≠ Minh', '090789012', '2024-09-25', '2024-09-26', 5),
(3, NULL, N'H√† N·ªôi', '093890123', '2024-10-01', '2024-10-02', 2),
(5, NULL, N'ƒê√† N·∫µng', '032789012', '2024-10-05', '2024-10-06', 4),
(5, NULL, N'H·∫£i Ph√≤ng', '098890123', '2024-10-10', NULL, 1),
(4, NULL, N'H√† N·ªôi', '091901234', '2024-10-15', NULL, 1),
(2, NULL, N'H·ªì Ch√≠ Minh', '090890123', '2024-10-20', '2024-10-21', 2),
(4, NULL, N'H√† N·ªôi', '093901234', '2024-10-25', '2024-10-26', 4),
(4, NULL, N'ƒê√† N·∫µng', '032890123', '2024-11-01', '2024-11-02', 5),
(5, NULL, N'H·∫£i Ph√≤ng', '098901234', '2024-11-05', '2024-11-06', 6),
(4, NULL, N'H√† N·ªôi', '091012345', '2024-11-10', '2024-11-11', 6),
(2, NULL, N'H·ªì Ch√≠ Minh', '090901234', '2024-11-15', NULL, 1),
(1, NULL, N'H√† N·ªôi', '093012345', '2024-11-20', NULL, 1),
(3, NULL, N'ƒê√† N·∫µng', '032901234', '2024-11-25', NULL, 1),
(5, NULL, N'H·∫£i Ph√≤ng', '098012345', '2024-12-01', '2024-12-02', 2);

insert into order_detail (serial_number_id, order_id,price,product_id) values 
(1, 15,1000,1),
(2, 3,1000,2),
(3, 40,1200,3),
(4, 5,1300,4),
(5, 5,1100,4),
(6, 6,1400,5),
(7, 6,900,6),
(8, 7,1500,7),
(9, 8,1100,8),
(10, 9,1800,9),
(11, 10,1000,3),
(12, 12,1200,2),
(13, 13,1300,3),
(14, 50,1100,4),
(15, 13,1400,5),
(16, 23,900,6),
(17, 21,1500,7),
(18, 14,1100,8),
(19, 31,1800,9),
(20, 42,1000,1),
(21, 12,1200,2),
(22, 22,1300,3),
(23, 33,1100,4),
(24, 17,1400,5),
(25, 18,900,6),
(26, 19,1500,7),
(27, 16,1100,8),
(28, 30,1800,9),
(29, 20,1000,1),
(30, 24,1200,2),
(31, 25,1300,3),
(32, 26,1100,4),
(33, 28,1400,5),
(34, 29,900,6),
(35, 31,1500,7),
(36, 32,1100,8),
(37, 33,1800,9),
(38, 34,1200,2),
(39, 35,1300,3),
(40, 36,1100,4),
(41, 37,1400,5),
(42, 38,900,6),
(43, 39,1500,7),
(45, 41,1100,8),
(46, 42,1800,9),
(47, 43,1100,4),
(48, 43,1400,5),
(49, 44,900,6),
(50, 45,1500,7),
(51, 46,1100,8),
(52, 48,1800,9),
(53, 47,1500,7),
(54, 48,1100,8),
(55, 49,1800,9),
(56, 10,1800,9),
(57, 28,1000,1),
(58, 27,1200,2),
(59, 2,1300,3),
(60, 9,1100,4),
(61, 8,1400,5),
(62, 7,900,6),
(63, 4,1500,7),
(64, 11,1100,8),
(65, 1,1800,9),
(65, 2,1200,2);

insert into rate (order_detail_id, star_rate, feedback) values 
(1, 2, N'ƒê√≥ng g√≥i ki·ªÉu g√¨ m√≥p c·∫£ m√°y, r·∫•t kh√¥ng h√†i l√≤ng.'),
(2, 3, N'S·∫£n ph·∫©m ok.'),
(3, 5, N'S·∫£n ph·∫©m t·ªët.'),
(4, 4, N'ƒê√≥ng g√≥i c·∫©n th·∫≠n, s·∫£n ph·∫©m ch·∫•t l∆∞·ª£ng.'),
(5, 5, N'Giao h√†ng nhanh, s·∫£n ph·∫©m tuy·ªát v·ªùi.'),
(2, 3, N'S·∫£n ph·∫©m t·∫°m ƒë∆∞·ª£c, gi√° h∆°i cao.'),
(3, 4, N'H√†ng ƒë√∫ng m√¥ t·∫£, s·ª≠ d·ª•ng t·ªët.'),
(1, 5, N'R·∫•t h√†i l√≤ng, s·∫£n ph·∫©m ch·∫•t l∆∞·ª£ng.'),
(3, 2, N'Giao h√†ng ch·∫≠m, ƒë√≥ng g√≥i kh√¥ng c·∫©n th·∫≠n.'),
(5, 4, N'S·∫£n ph·∫©m t·ªët, giao h√†ng nhanh.'),
(1, 3, N'Ch·∫•t l∆∞·ª£ng ·ªïn, gi√° h·ª£p l√Ω.'),
(2, 5, N'ƒê√≥ng g√≥i ƒë·∫πp, s·∫£n ph·∫©m tuy·ªát v·ªùi.'),
(3, 4, N'S·∫£n ph·∫©m ƒë√∫ng m√¥ t·∫£, d√πng ·ªïn.'),
(4, 2, N'H√†ng b·ªã m√≥p m√©o, kh√¥ng h√†i l√≤ng.'),
(5, 5, N'Tuy·ªát v·ªùi, s·∫£n ph·∫©m nh∆∞ mong ƒë·ª£i.'),
(4, 4, N'Ch·∫•t l∆∞·ª£ng ·ªïn, giao h√†ng nhanh.'),
(4, 3, N'S·∫£n ph·∫©m t·∫°m ·ªïn, gi√° h∆°i cao.'),
(2, 5, N'Giao h√†ng nhanh, s·∫£n ph·∫©m t·ªët.'),
(1, 4, N'S·∫£n ph·∫©m ƒë√∫ng nh∆∞ qu·∫£ng c√°o.'),
(2, 2, N'Kh√¥ng h√†i l√≤ng v·ªõi ch·∫•t l∆∞·ª£ng s·∫£n ph·∫©m.'),
(1, 5, N'R·∫•t t·ªët, s·∫Ω mua th√™m.'),
(2, 4, N'Ch·∫•t l∆∞·ª£ng kh√°, gi√° h·ª£p l√Ω.'),
(3, 3, N'S·∫£n ph·∫©m trung b√¨nh, giao h√†ng ch·∫≠m.'),
(4, 5, N'Ho√†n to√†n h√†i l√≤ng, s·∫£n ph·∫©m t·ªët.'),
(5, 4, N'Giao h√†ng nhanh, ch·∫•t l∆∞·ª£ng t·ªët.'),
(5, 2, N'S·∫£n ph·∫©m b·ªã l·ªói, kh√¥ng h√†i l√≤ng.'),
(5, 5, N'Tuy·ªát v·ªùi, s·∫£n ph·∫©m ch·∫•t l∆∞·ª£ng cao.'),
(1, 3, N'S·∫£n ph·∫©m ·ªïn, gi√° h·ª£p l√Ω.'),
(4, 4, N'ƒê√≥ng g√≥i k·ªπ, s·∫£n ph·∫©m t·ªët.'),
(3, 5, N'S·∫£n ph·∫©m r·∫•t t·ªët, giao h√†ng nhanh.'),
(31, 3, N'Ch·∫•t l∆∞·ª£ng b√¨nh th∆∞·ªùng, gi√° cao.'),
(32, 4, N'S·∫£n ph·∫©m t·ªët, giao h√†ng nhanh.'),
(33, 2, N'Kh√¥ng h√†i l√≤ng, h√†ng b·ªã m√≥p.'),
(34, 5, N'R·∫•t h√†i l√≤ng, s·∫£n ph·∫©m t·ªët.'),
(35, 4, N'S·∫£n ph·∫©m t·ªët, gi√° h·ª£p l√Ω.'),
(36, 3, N'Ch·∫•t l∆∞·ª£ng ·ªïn, giao h√†ng ch·∫≠m.'),
(37, 5, N'Tuy·ªát v·ªùi, s·∫Ω mua th√™m.'),
(38, 4, N'S·∫£n ph·∫©m ch·∫•t l∆∞·ª£ng, giao h√†ng nhanh.'),
(39, 2, N'H√†ng b·ªã h∆∞ h·ªèng, kh√¥ng h√†i l√≤ng.'),
(40, 5, N'S·∫£n ph·∫©m r·∫•t t·ªët, s·∫Ω mua th√™m.'),
(41, 4, N'ƒê√≥ng g√≥i k·ªπ, ch·∫•t l∆∞·ª£ng t·ªët.'),
(42, 3, N'S·∫£n ph·∫©m ·ªïn, gi√° cao.'),
(43, 5, N'R·∫•t t·ªët, giao h√†ng nhanh.'),
(44, 4, N'S·∫£n ph·∫©m ch·∫•t l∆∞·ª£ng, gi√° h·ª£p l√Ω.'),
(45, 2, N'H√†ng b·ªã l·ªói, r·∫•t kh√¥ng h√†i l√≤ng.'),
(46, 5, N'Tuy·ªát v·ªùi, s·∫£n ph·∫©m ƒë√°ng mua.'),
(47, 3, N'S·∫£n ph·∫©m trung b√¨nh, gi√° h·ª£p l√Ω.'),
(48, 4, N'Giao h√†ng nhanh, s·∫£n ph·∫©m t·ªët.'),
(49, 5, N'S·∫£n ph·∫©m t·ªët, r·∫•t h√†i l√≤ng.'),
(50, 2, N'Ch·∫•t l∆∞·ª£ng kh√¥ng t·ªët, kh√¥ng h√†i l√≤ng.');
insert into warranty_record (order_detail_id, warranty_date, reason, img, warranty_status) values
(4, '2024-04-04', 'Manufacturing defect','xxx', 1),
(1, '2024-01-01', 'Defective part','xxx',1)
insert into warranty_record (order_detail_id, warranty_date, reason, img, warranty_status,response) values
(2, '2024-02-02', 'Malfunctioning device','xxx' , 2, N'Shop Xin Chao'),
(3, '2024-03-03', 'Damaged during shipping','xxx' , 3, N'Shop Sorry'),
(5, '2024-05-05', 'Wrong item delivered','xxx' , 2, N'Dong Y')
insert into news_category(name) values
('SalesOff'),
('Hot'),
('New Product'),
('About')
insert into news(title,short_description,create_date,news_detail,author,news_category_id) values
('News number 1','No thing here','2023-05-16','abcdfg',2,1),
('News number 2','Too tired for jokes','2023-05-16','abcdfg',2,1),
('News number 3','maybe news detail here?','2023-05-16','abcdfg',2,1),
('News number 4','me may beo','2023-05-16','abcdfg',2,1),
('News number 5','123456789','2023-05-16','abcdfg',2,1),
('News number 6','Short desc','2023-05-16','News detail here, very concise.',3,2),
('News number 7','Brief info','2023-05-16','Details are short and sweet.',4,2),
('News number 8','Tiny news','2023-05-16','Just a small piece of info.',5,3),
('News number 9','Small update','2023-05-16','Here are the quick details.',2,3),
('News number 10','Quick read','2023-05-16','A brief update for you.',3,1),
('News number 11','Little news','2023-05-16','This is a brief news detail.',4,1),
('News number 12','Quick note','2023-05-16','Very brief news details here.',5,2),
('News number 13','Brief news','2023-05-16','Some quick details to read.',2,2),
('News number 14','Quick blurb','2023-05-16','News details are quite short.',3,3),
('News number 15','Short update','2023-05-16','Brief and to the point.',4,3),
('News number 16','News flash','2023-05-16','Flash news with few details.',5,1),
('News number 17','Tiny update','2023-05-16','Just a brief piece of news.',2,1),
('News number 18','Short info','2023-05-16','Here is a concise news detail.',3,2),
('News number 19','Little update','2023-05-16','Small news with short details.',4,2),
('News number 20','Quick news','2023-05-16','News details that are brief.',5,3),
('News number 21','Short notice','2023-05-16','Brief news details provided.',2,3),
('News number 22','Tiny blurb','2023-05-16','Here are the short details.',3,1),
('News number 23','Brief update','2023-05-16','A quick piece of news detail.',4,1),
('News number 24','Quick info','2023-05-16','News details that are quick.',5,2),
('News number 25','Small notice','2023-05-16','Brief details in this news.',2,2),
('News number 26','Quick detail','2023-05-16','News detail is very short.',3,3),
('News number 27','Tiny note','2023-05-16','Just a quick news detail.',4,3),
('News number 28','Brief note','2023-05-16','Here are the news details.',5,1),
('News number 29','Small blurb','2023-05-16','News details are concise.',2,1),
('News number 30','Tiny info','2023-05-16','Brief and small news detail.',3,2),
('News number 31','Short blurb','2023-05-16','News detail is quite brief.',4,2),
('News number 32','Quick notice','2023-05-16','Short and to the point.',5,3),
('News number 33','Brief flash','2023-05-16','Flash news with brief details.',2,3),
('News number 34','Tiny detail','2023-05-16','Just a small piece of news.',3,1),
('News number 35','Little info','2023-05-16','Brief news detail provided.',4,1),
('News number 36','Quick blurb','2023-05-16','Here is a quick news update.',5,2),
('News number 37','Short flash','2023-05-16','News details are short.',2,2),
('News number 38','Tiny update','2023-05-16','Brief news with small detail.',3,3),
('News number 39','Brief detail','2023-05-16','Here are some quick details.',4,3),
('News number 40','Little note','2023-05-16','Brief piece of news detail.',5,1),
('News number 41','Quick piece','2023-05-16','News details provided briefly.',2,1),
('News number 42','Short flash','2023-05-16','Flash news with short detail.',3,2),
('News number 43','Tiny note','2023-05-16','Brief and concise news.',4,2),
('News number 44','Quick info','2023-05-16','Here is a brief news update.',5,3),
('News number 45','Little update','2023-05-16','News detail that is brief.',2,3),
('News number 46','Brief news','2023-05-16','Short piece of news detail.',3,1),
('News number 47','Tiny piece','2023-05-16','News details are very brief.',4,1),
('News number 48','Quick note','2023-05-16','Here are some brief details.',5,2),
('News number 49','Short update','2023-05-16','News detail is concise.',2,2),
('News number 50','Little flash','2023-05-16','Brief and quick news detail.',3,3),


('About us','About us','2023-05-16','This is the detail of About us.',1,4),
('Term','Term','2023-05-16','This is the detail of Term.',1,4),
('Policy','Policy','2023-05-16','This is the detail of Policy.',1,4)
